method,split,seed,mean_success_rate,mean_false_revision_rate,mean_missed_violation_rate,mean_belief_consistency,mean_recovery_success,mean_damage_rate,mean_intervention_cost,mean_calibration_error,ci95_success_rate,ci95_false_revision_rate,ci95_missed_violation_rate,ci95_belief_consistency,ci95_recovery_success,ci95_damage_rate,ci95_intervention_cost,ci95_calibration_error,groups
conformal_intervention_filter,combined_stress,0,0.539931,0.228001,0.277031,0.453434,0.426972,0.099832,0.248335,0.090188,0.022660,0.004087,0.005447,0.006271,0.005813,0.002059,0.002881,0.002176,48
conformal_intervention_filter,combined_stress,1,0.552373,0.227817,0.275621,0.452354,0.425803,0.099772,0.249729,0.089652,0.017179,0.004291,0.005155,0.005744,0.006411,0.002053,0.002646,0.002492,48
conformal_intervention_filter,combined_stress,2,0.550926,0.228297,0.276690,0.452952,0.429676,0.099955,0.249425,0.089723,0.016075,0.004264,0.005177,0.005795,0.006014,0.001862,0.003173,0.002373,48
conformal_intervention_filter,combined_stress,3,0.549479,0.227612,0.276888,0.451473,0.428033,0.099277,0.249924,0.090013,0.019024,0.004433,0.005470,0.006307,0.006774,0.002086,0.002860,0.002605,48
conformal_intervention_filter,combined_stress,4,0.544850,0.226060,0.278303,0.452459,0.424209,0.099420,0.249997,0.090033,0.018699,0.004179,0.005534,0.005613,0.005863,0.002108,0.002871,0.002376,48
conformal_intervention_filter,combined_stress,5,0.553530,0.226717,0.276012,0.455349,0.429774,0.099564,0.249346,0.089970,0.018429,0.004474,0.005306,0.005020,0.005650,0.002110,0.003082,0.002124,48
conformal_intervention_filter,combined_stress,6,0.545718,0.227428,0.278056,0.451312,0.424395,0.099632,0.249687,0.089504,0.019486,0.004379,0.005574,0.005576,0.005623,0.001993,0.003033,0.002222,48
conformal_intervention_filter,in_distribution,0,0.629919,0.190380,0.238217,0.488173,0.465241,0.089939,0.231543,0.076843,0.019512,0.004316,0.005231,0.006346,0.006081,0.001973,0.002929,0.002165,48
conformal_intervention_filter,in_distribution,1,0.635127,0.191316,0.239273,0.492713,0.464064,0.089379,0.230264,0.076795,0.018443,0.004437,0.005360,0.005479,0.005112,0.002182,0.002985,0.002433,48
conformal_intervention_filter,in_distribution,2,0.646701,0.191938,0.240142,0.488934,0.462107,0.090447,0.231011,0.077370,0.018446,0.004229,0.005485,0.005219,0.005387,0.002174,0.002806,0.002462,48
conformal_intervention_filter,in_distribution,3,0.615451,0.190690,0.239815,0.489426,0.464776,0.090213,0.232315,0.077411,0.019623,0.004230,0.005278,0.005069,0.006185,0.001911,0.002904,0.002408,48
conformal_intervention_filter,in_distribution,4,0.638889,0.191677,0.237521,0.490405,0.464221,0.089260,0.232051,0.077919,0.019503,0.004307,0.005235,0.006007,0.006485,0.002046,0.002859,0.002209,48
conformal_intervention_filter,in_distribution,5,0.648727,0.191248,0.238901,0.490783,0.463814,0.090276,0.231358,0.078125,0.021058,0.004121,0.005012,0.005949,0.006421,0.002340,0.002995,0.002096,48
conformal_intervention_filter,in_distribution,6,0.643808,0.190466,0.238477,0.488782,0.464995,0.089587,0.230586,0.076761,0.017637,0.004534,0.005124,0.006183,0.005871,0.001970,0.003136,0.002275,48
conformal_intervention_filter,long_horizon_recovery,0,0.580150,0.206419,0.255495,0.475390,0.447135,0.094229,0.238024,0.082489,0.017351,0.004537,0.005358,0.005640,0.005114,0.002127,0.002750,0.002462,48
conformal_intervention_filter,long_horizon_recovery,1,0.585069,0.208276,0.255845,0.473441,0.445500,0.094484,0.240540,0.082360,0.019174,0.004271,0.005035,0.006016,0.006281,0.002133,0.002810,0.002443,48
conformal_intervention_filter,long_horizon_recovery,2,0.579861,0.206088,0.257139,0.476101,0.447530,0.094944,0.240021,0.081624,0.019000,0.004450,0.004940,0.005203,0.005922,0.001965,0.002965,0.002228,48
conformal_intervention_filter,long_horizon_recovery,3,0.583623,0.207634,0.256288,0.474042,0.449873,0.094264,0.240169,0.082594,0.018385,0.004418,0.005256,0.005068,0.006532,0.002132,0.003084,0.002171,48
conformal_intervention_filter,long_horizon_recovery,4,0.579282,0.206323,0.257029,0.474759,0.446553,0.094933,0.238664,0.081460,0.022137,0.004155,0.005454,0.005238,0.006276,0.002241,0.003027,0.002423,48
conformal_intervention_filter,long_horizon_recovery,5,0.568576,0.206999,0.254989,0.472488,0.448755,0.093401,0.239464,0.082281,0.020575,0.004060,0.005083,0.005726,0.005183,0.001944,0.003114,0.002450,48
conformal_intervention_filter,long_horizon_recovery,6,0.583044,0.206906,0.255594,0.474648,0.448984,0.093640,0.239049,0.082048,0.022832,0.004553,0.005829,0.006152,0.005439,0.002065,0.003200,0.002428,48
conformal_intervention_filter,new_operator_interventions,0,0.595197,0.210483,0.259578,0.471058,0.445075,0.095127,0.240367,0.083587,0.019854,0.004008,0.005133,0.005000,0.006613,0.002084,0.003226,0.002197,48
conformal_intervention_filter,new_operator_interventions,1,0.590856,0.209457,0.258748,0.468919,0.445845,0.095334,0.240379,0.083488,0.019853,0.004503,0.005262,0.005886,0.005774,0.002256,0.003097,0.002519,48
conformal_intervention_filter,new_operator_interventions,2,0.594618,0.210353,0.259853,0.470489,0.442108,0.095222,0.240074,0.083582,0.022949,0.004313,0.005085,0.005849,0.005862,0.002002,0.002656,0.002417,48
conformal_intervention_filter,new_operator_interventions,3,0.593750,0.210218,0.258730,0.467300,0.442556,0.095013,0.239945,0.083234,0.021498,0.004358,0.005395,0.005739,0.006343,0.002209,0.003252,0.002255,48
conformal_intervention_filter,new_operator_interventions,4,0.600116,0.211784,0.258122,0.472126,0.447740,0.095200,0.240559,0.083158,0.018747,0.004265,0.005443,0.004974,0.006240,0.002213,0.002829,0.002114,48
conformal_intervention_filter,new_operator_interventions,5,0.587674,0.208722,0.258205,0.471344,0.442942,0.095019,0.240510,0.083120,0.019149,0.004469,0.004981,0.005140,0.006161,0.002108,0.002728,0.002333,48
conformal_intervention_filter,new_operator_interventions,6,0.601852,0.210105,0.259221,0.470533,0.446470,0.095739,0.240115,0.084038,0.017634,0.004211,0.005212,0.005495,0.006132,0.002082,0.002890,0.002401,48
conformal_intervention_filter,sparse_feedback,0,0.556134,0.225844,0.274937,0.453815,0.427161,0.099553,0.247887,0.089318,0.018087,0.004570,0.005026,0.005814,0.006120,0.002324,0.002814,0.002266,48
conformal_intervention_filter,sparse_feedback,1,0.583623,0.225817,0.275201,0.456660,0.430548,0.099246,0.248881,0.089032,0.019629,0.004182,0.005233,0.005850,0.005655,0.002031,0.003082,0.002264,48
conformal_intervention_filter,sparse_feedback,2,0.565972,0.225238,0.275960,0.454548,0.427004,0.099615,0.248531,0.088803,0.020609,0.004396,0.005053,0.005886,0.005728,0.002161,0.003304,0.002385,48
conformal_intervention_filter,sparse_feedback,3,0.572049,0.225417,0.274181,0.454127,0.428990,0.099062,0.247241,0.088641,0.018512,0.004687,0.005026,0.005135,0.005458,0.002160,0.002834,0.002363,48
conformal_intervention_filter,sparse_feedback,4,0.560475,0.226551,0.276504,0.453696,0.429552,0.099396,0.247452,0.088486,0.020449,0.004016,0.005246,0.006165,0.006053,0.002062,0.002759,0.002380,48
conformal_intervention_filter,sparse_feedback,5,0.574942,0.225408,0.273739,0.453609,0.427615,0.099277,0.247421,0.088885,0.021593,0.004210,0.005595,0.005736,0.005097,0.002189,0.002957,0.002394,48
conformal_intervention_filter,sparse_feedback,6,0.578704,0.224544,0.275400,0.457238,0.429245,0.099457,0.247046,0.089213,0.025635,0.004150,0.005413,0.006050,0.004817,0.002094,0.003032,0.002321,48
ensemble_disagreement_revision,combined_stress,0,0.522569,0.246881,0.295856,0.423506,0.402482,0.107384,0.221257,0.096514,0.016800,0.004461,0.005701,0.005221,0.005696,0.002130,0.002920,0.002258,48
ensemble_disagreement_revision,combined_stress,1,0.524595,0.248864,0.295900,0.421582,0.403359,0.107869,0.220233,0.096723,0.016437,0.004945,0.005901,0.005664,0.006420,0.002258,0.002531,0.002310,48
ensemble_disagreement_revision,combined_stress,2,0.524016,0.247305,0.294624,0.423021,0.401671,0.107537,0.220096,0.096816,0.016919,0.004741,0.005717,0.005594,0.006445,0.002099,0.002773,0.002401,48
ensemble_disagreement_revision,combined_stress,3,0.517361,0.247026,0.297067,0.422222,0.400467,0.107909,0.220411,0.096572,0.021159,0.004812,0.005699,0.005822,0.006022,0.002381,0.002744,0.002291,48
ensemble_disagreement_revision,combined_stress,4,0.519387,0.249473,0.296565,0.421411,0.401975,0.108713,0.220968,0.096916,0.018602,0.004429,0.006002,0.006884,0.006420,0.002136,0.002837,0.002485,48
ensemble_disagreement_revision,combined_stress,5,0.507812,0.246591,0.295496,0.420959,0.400964,0.107692,0.220121,0.096027,0.019803,0.004999,0.005652,0.006095,0.006936,0.002425,0.002742,0.002387,48
ensemble_disagreement_revision,combined_stress,6,0.510706,0.247311,0.294985,0.422191,0.401386,0.108080,0.220717,0.096700,0.018769,0.004252,0.005814,0.006354,0.006599,0.002374,0.002726,0.002345,48
ensemble_disagreement_revision,in_distribution,0,0.615451,0.207983,0.252954,0.463701,0.443638,0.097002,0.204212,0.083861,0.021324,0.004729,0.005805,0.005770,0.006467,0.002174,0.002749,0.002376,48
ensemble_disagreement_revision,in_distribution,1,0.616030,0.207591,0.254409,0.461214,0.439937,0.097124,0.203150,0.083210,0.021050,0.004677,0.005561,0.005978,0.006841,0.002092,0.002754,0.002400,48
ensemble_disagreement_revision,in_distribution,2,0.606481,0.209517,0.253768,0.460270,0.443112,0.097069,0.204513,0.084345,0.020382,0.004581,0.005505,0.006292,0.006015,0.002278,0.002335,0.002471,48
ensemble_disagreement_revision,in_distribution,3,0.598090,0.208501,0.254455,0.461327,0.441156,0.096911,0.203820,0.084753,0.018807,0.004659,0.005802,0.006030,0.005064,0.002475,0.002606,0.002680,48
ensemble_disagreement_revision,in_distribution,4,0.614005,0.207125,0.255051,0.461687,0.443325,0.096764,0.203330,0.084283,0.021444,0.004575,0.005271,0.005462,0.005718,0.002262,0.002757,0.002459,48
ensemble_disagreement_revision,in_distribution,5,0.624711,0.207828,0.253319,0.460207,0.440059,0.096800,0.203444,0.084170,0.017637,0.004369,0.005490,0.006163,0.006200,0.002549,0.002523,0.002573,48
ensemble_disagreement_revision,in_distribution,6,0.611690,0.208452,0.255226,0.463051,0.441374,0.097053,0.204981,0.084382,0.017496,0.004894,0.005459,0.006304,0.006555,0.002402,0.002693,0.002438,48
ensemble_disagreement_revision,long_horizon_recovery,0,0.559317,0.226433,0.270915,0.447141,0.423262,0.102120,0.210804,0.090211,0.019159,0.004643,0.005461,0.006387,0.005536,0.002345,0.002686,0.002374,48
ensemble_disagreement_revision,long_horizon_recovery,1,0.547454,0.224675,0.270840,0.442395,0.425521,0.101441,0.211133,0.089755,0.016288,0.004488,0.005928,0.006720,0.006212,0.002195,0.002761,0.002516,48
ensemble_disagreement_revision,long_horizon_recovery,2,0.558449,0.224228,0.271997,0.445957,0.423880,0.100414,0.211053,0.089900,0.019737,0.004516,0.005935,0.005973,0.006099,0.002059,0.002811,0.002407,48
ensemble_disagreement_revision,long_horizon_recovery,3,0.535590,0.224503,0.270913,0.444759,0.424783,0.101614,0.212552,0.089977,0.022577,0.004786,0.005787,0.005406,0.006055,0.002417,0.002785,0.002643,48
ensemble_disagreement_revision,long_horizon_recovery,4,0.560185,0.224922,0.272077,0.445517,0.423651,0.101634,0.210861,0.089694,0.021032,0.004804,0.005792,0.006137,0.006266,0.002347,0.002554,0.002638,48
ensemble_disagreement_revision,long_horizon_recovery,5,0.542824,0.225395,0.272481,0.444483,0.427032,0.101539,0.211608,0.089739,0.024069,0.004324,0.005514,0.006078,0.006945,0.002178,0.002530,0.002297,48
ensemble_disagreement_revision,long_horizon_recovery,6,0.550347,0.227118,0.272326,0.443985,0.423841,0.101704,0.211325,0.089264,0.018280,0.004691,0.005597,0.006134,0.005381,0.002178,0.002311,0.002515,48
ensemble_disagreement_revision,new_operator_interventions,0,0.595775,0.229092,0.276439,0.443215,0.420822,0.102519,0.212623,0.091265,0.016195,0.004644,0.005673,0.005636,0.006551,0.002288,0.002612,0.002448,48
ensemble_disagreement_revision,new_operator_interventions,1,0.568287,0.227555,0.275478,0.442124,0.421136,0.103193,0.212494,0.090892,0.021040,0.004961,0.005717,0.006010,0.006018,0.002402,0.002594,0.002470,48
ensemble_disagreement_revision,new_operator_interventions,2,0.571181,0.229669,0.274218,0.439715,0.420354,0.102552,0.212699,0.090245,0.017014,0.004241,0.005600,0.005961,0.006561,0.002262,0.002706,0.002396,48
ensemble_disagreement_revision,new_operator_interventions,3,0.565972,0.228887,0.275945,0.439885,0.420119,0.102260,0.213402,0.090484,0.020988,0.004740,0.005597,0.005352,0.005669,0.002143,0.002705,0.002364,48
ensemble_disagreement_revision,new_operator_interventions,4,0.581308,0.229459,0.274887,0.441479,0.420244,0.103490,0.212647,0.090792,0.022330,0.004526,0.005957,0.005728,0.005923,0.001927,0.002711,0.002358,48
ensemble_disagreement_revision,new_operator_interventions,5,0.571759,0.228333,0.275286,0.444212,0.420037,0.102379,0.212523,0.090586,0.021358,0.004420,0.005625,0.005609,0.007001,0.002263,0.002778,0.002333,48
ensemble_disagreement_revision,new_operator_interventions,6,0.580440,0.229108,0.276562,0.441115,0.420028,0.102213,0.213060,0.090812,0.020392,0.005001,0.005551,0.005973,0.006063,0.002346,0.002598,0.002270,48
ensemble_disagreement_revision,sparse_feedback,0,0.545718,0.244931,0.292630,0.422890,0.403450,0.106930,0.218776,0.096320,0.016047,0.004796,0.005805,0.005145,0.005837,0.002191,0.002651,0.002499,48
ensemble_disagreement_revision,sparse_feedback,1,0.542824,0.243987,0.292382,0.424070,0.401903,0.107320,0.219855,0.095964,0.023545,0.004374,0.005192,0.006273,0.005319,0.002051,0.002595,0.002345,48
ensemble_disagreement_revision,sparse_feedback,2,0.550926,0.245594,0.294770,0.424407,0.406498,0.106193,0.219890,0.095972,0.019958,0.004533,0.005633,0.005747,0.005822,0.002254,0.002515,0.002449,48
ensemble_disagreement_revision,sparse_feedback,3,0.545139,0.245786,0.292505,0.425916,0.406669,0.106936,0.219933,0.096883,0.017544,0.004662,0.005283,0.006203,0.005583,0.002304,0.002725,0.002583,48
ensemble_disagreement_revision,sparse_feedback,4,0.539352,0.245703,0.292885,0.422457,0.403444,0.107651,0.220175,0.096321,0.017893,0.004840,0.005553,0.005841,0.006299,0.002100,0.002816,0.002342,48
ensemble_disagreement_revision,sparse_feedback,5,0.550926,0.245676,0.293483,0.427583,0.402293,0.107708,0.219414,0.095755,0.021358,0.004680,0.005694,0.006025,0.004911,0.002119,0.002776,0.002187,48
ensemble_disagreement_revision,sparse_feedback,6,0.534144,0.246366,0.292705,0.425664,0.405652,0.106250,0.219926,0.096732,0.018589,0.004530,0.005704,0.005577,0.006570,0.002166,0.002697,0.002664,48
failure_aware_rl_recovery,combined_stress,0,0.574074,0.233938,0.253981,0.474028,0.487993,0.095924,0.300000,0.087167,0.017764,0.004723,0.005165,0.005859,0.005219,0.002084,0.003344,0.002371,48
failure_aware_rl_recovery,combined_stress,1,0.579572,0.234353,0.252475,0.472559,0.488454,0.095203,0.299482,0.086260,0.017055,0.004455,0.005113,0.005710,0.005410,0.001967,0.003101,0.002329,48
failure_aware_rl_recovery,combined_stress,2,0.562789,0.233871,0.253241,0.473403,0.491736,0.096106,0.299328,0.087218,0.021105,0.004966,0.004835,0.005711,0.006400,0.001976,0.003343,0.001948,48
failure_aware_rl_recovery,combined_stress,3,0.573785,0.233779,0.254280,0.470994,0.485402,0.095893,0.301341,0.086257,0.019132,0.004846,0.005380,0.005497,0.005256,0.001849,0.003128,0.002098,48
failure_aware_rl_recovery,combined_stress,4,0.567998,0.234589,0.253558,0.474181,0.489938,0.096333,0.299991,0.087117,0.019524,0.004517,0.004972,0.006170,0.006422,0.001977,0.003509,0.002169,48
failure_aware_rl_recovery,combined_stress,5,0.591146,0.233001,0.253115,0.470291,0.490454,0.094947,0.300380,0.087091,0.023754,0.004496,0.004782,0.005915,0.005570,0.001907,0.003191,0.002242,48
failure_aware_rl_recovery,combined_stress,6,0.577836,0.233672,0.252816,0.471404,0.487249,0.096192,0.299865,0.086875,0.022104,0.004404,0.005371,0.005940,0.005729,0.001872,0.003241,0.002094,48
failure_aware_rl_recovery,in_distribution,0,0.655382,0.196948,0.217656,0.508902,0.521083,0.086928,0.280314,0.074129,0.017788,0.004405,0.004825,0.005693,0.005869,0.001841,0.003398,0.002348,48
failure_aware_rl_recovery,in_distribution,1,0.658275,0.196968,0.217215,0.511404,0.524415,0.087195,0.279800,0.074482,0.017992,0.004216,0.004926,0.005833,0.005062,0.002001,0.003156,0.002191,48
failure_aware_rl_recovery,in_distribution,2,0.658565,0.196623,0.217341,0.509265,0.524660,0.086830,0.279281,0.074279,0.016568,0.004384,0.004675,0.005381,0.005529,0.001925,0.003443,0.002233,48
failure_aware_rl_recovery,in_distribution,3,0.665799,0.195252,0.216159,0.509665,0.520100,0.086453,0.277882,0.074251,0.017410,0.004580,0.005292,0.005342,0.005519,0.001656,0.003311,0.002169,48
failure_aware_rl_recovery,in_distribution,4,0.642361,0.197153,0.216583,0.510396,0.523136,0.087171,0.279171,0.073853,0.019035,0.004309,0.005178,0.005834,0.005818,0.001863,0.003104,0.002089,48
failure_aware_rl_recovery,in_distribution,5,0.640046,0.197521,0.217069,0.509143,0.519625,0.086021,0.279547,0.073956,0.018797,0.004675,0.005363,0.005851,0.005484,0.001937,0.003371,0.001942,48
failure_aware_rl_recovery,in_distribution,6,0.651042,0.196585,0.217759,0.509008,0.522694,0.086374,0.278973,0.073772,0.021099,0.004706,0.004936,0.005529,0.005246,0.001867,0.003154,0.002379,48
failure_aware_rl_recovery,long_horizon_recovery,0,0.597222,0.211863,0.232429,0.494284,0.507217,0.091419,0.288273,0.078850,0.016007,0.004297,0.005200,0.005867,0.005627,0.001997,0.003152,0.002086,48
failure_aware_rl_recovery,long_horizon_recovery,1,0.604456,0.213149,0.232013,0.492429,0.507200,0.090299,0.288229,0.079016,0.018465,0.004500,0.005251,0.006250,0.005827,0.001885,0.003442,0.002270,48
failure_aware_rl_recovery,long_horizon_recovery,2,0.612558,0.213021,0.234481,0.493307,0.507196,0.090695,0.288127,0.079432,0.021171,0.004612,0.005139,0.006214,0.004647,0.001952,0.003461,0.002256,48
failure_aware_rl_recovery,long_horizon_recovery,3,0.595486,0.213227,0.233153,0.493033,0.506426,0.091128,0.287752,0.079314,0.017658,0.004460,0.005039,0.005478,0.005198,0.001966,0.003182,0.002262,48
failure_aware_rl_recovery,long_horizon_recovery,4,0.599826,0.213232,0.234001,0.494208,0.508335,0.091013,0.288346,0.079890,0.016918,0.004572,0.004923,0.004715,0.004945,0.001960,0.003063,0.002166,48
failure_aware_rl_recovery,long_horizon_recovery,5,0.591435,0.214278,0.233737,0.495247,0.506912,0.090971,0.289299,0.080040,0.021071,0.004637,0.005089,0.005673,0.005838,0.001938,0.003365,0.002324,48
failure_aware_rl_recovery,long_horizon_recovery,6,0.606481,0.213645,0.232903,0.491776,0.507655,0.090562,0.288230,0.080181,0.020590,0.004558,0.004812,0.005627,0.005659,0.001878,0.003164,0.002176,48
failure_aware_rl_recovery,new_operator_interventions,0,0.632812,0.216258,0.236583,0.493668,0.502643,0.092072,0.290892,0.081020,0.020503,0.004538,0.005106,0.005421,0.005789,0.001943,0.003145,0.001959,48
failure_aware_rl_recovery,new_operator_interventions,1,0.613715,0.215043,0.236347,0.492065,0.503330,0.090849,0.289470,0.080977,0.020306,0.004625,0.005000,0.005322,0.005577,0.001839,0.003285,0.002333,48
failure_aware_rl_recovery,new_operator_interventions,2,0.616030,0.215873,0.236820,0.491048,0.505104,0.091705,0.291805,0.081077,0.021345,0.004721,0.004920,0.005224,0.005550,0.001814,0.003142,0.002322,48
failure_aware_rl_recovery,new_operator_interventions,3,0.632813,0.216636,0.235987,0.490302,0.504820,0.091600,0.290834,0.080572,0.018886,0.004175,0.005087,0.006022,0.005548,0.001875,0.003266,0.002297,48
failure_aware_rl_recovery,new_operator_interventions,4,0.638310,0.216131,0.234445,0.489024,0.502213,0.092252,0.290117,0.080450,0.021213,0.004178,0.004887,0.005776,0.005364,0.001917,0.003195,0.002424,48
failure_aware_rl_recovery,new_operator_interventions,5,0.617477,0.216522,0.236048,0.491178,0.504235,0.092025,0.289265,0.080293,0.017701,0.004304,0.004539,0.005425,0.005559,0.001944,0.003214,0.002358,48
failure_aware_rl_recovery,new_operator_interventions,6,0.618345,0.217396,0.236090,0.490119,0.508160,0.091522,0.289336,0.081227,0.020166,0.004700,0.004649,0.006015,0.005338,0.001967,0.003267,0.002315,48
failure_aware_rl_recovery,sparse_feedback,0,0.579282,0.231956,0.251767,0.474400,0.491915,0.095239,0.299287,0.085804,0.016982,0.004357,0.005091,0.005416,0.005719,0.001732,0.002920,0.002141,48
failure_aware_rl_recovery,sparse_feedback,1,0.601563,0.232178,0.252677,0.473443,0.489633,0.095671,0.298565,0.086317,0.019438,0.004139,0.004791,0.005725,0.005551,0.001752,0.003370,0.002159,48
failure_aware_rl_recovery,sparse_feedback,2,0.607350,0.232335,0.251107,0.474781,0.490313,0.094987,0.300147,0.085883,0.020064,0.004572,0.004863,0.006668,0.005745,0.001916,0.003260,0.002265,48
failure_aware_rl_recovery,sparse_feedback,3,0.592593,0.231611,0.252568,0.473873,0.490616,0.095192,0.298591,0.085254,0.024117,0.004359,0.005160,0.005916,0.005767,0.001832,0.002988,0.002288,48
failure_aware_rl_recovery,sparse_feedback,4,0.595197,0.230918,0.251164,0.474391,0.491792,0.096216,0.299437,0.085138,0.020537,0.004503,0.005019,0.005320,0.006045,0.001916,0.003130,0.002348,48
failure_aware_rl_recovery,sparse_feedback,5,0.602431,0.231855,0.251401,0.475310,0.490620,0.096095,0.300074,0.085971,0.020722,0.004422,0.004826,0.005466,0.005305,0.001879,0.003291,0.002272,48
failure_aware_rl_recovery,sparse_feedback,6,0.600984,0.230676,0.249998,0.469901,0.490565,0.095384,0.298669,0.086469,0.018655,0.004157,0.004887,0.005430,0.004858,0.001830,0.003508,0.002087,48
human_intervention_revision,combined_stress,0,0.627894,0.220843,0.209412,0.509952,0.525994,0.086261,0.391947,0.078476,0.022867,0.004507,0.004009,0.006143,0.005273,0.001682,0.003808,0.002136,48
human_intervention_revision,combined_stress,1,0.622396,0.220326,0.209197,0.510601,0.528975,0.085989,0.392219,0.077951,0.022148,0.003871,0.004369,0.005925,0.006192,0.001771,0.003743,0.001862,48
human_intervention_revision,combined_stress,2,0.629051,0.221816,0.210603,0.512327,0.524904,0.086201,0.392985,0.079031,0.017212,0.003798,0.004427,0.006097,0.004880,0.001567,0.003654,0.002056,48
human_intervention_revision,combined_stress,3,0.632523,0.221934,0.210568,0.508726,0.527172,0.086537,0.391824,0.078383,0.017459,0.004288,0.003961,0.005470,0.004648,0.001834,0.003995,0.001888,48
human_intervention_revision,combined_stress,4,0.618345,0.221837,0.209478,0.512771,0.526168,0.086399,0.393249,0.078251,0.017251,0.004325,0.004278,0.005858,0.005471,0.001793,0.003646,0.002171,48
human_intervention_revision,combined_stress,5,0.626736,0.221493,0.210306,0.510230,0.525340,0.085378,0.393153,0.079028,0.015834,0.004379,0.004766,0.005665,0.005258,0.001798,0.003722,0.001709,48
human_intervention_revision,combined_stress,6,0.611400,0.221115,0.210643,0.511942,0.528025,0.086253,0.393645,0.078674,0.019393,0.004424,0.004751,0.005836,0.004790,0.001792,0.003382,0.001898,48
human_intervention_revision,in_distribution,0,0.695891,0.185068,0.177032,0.546103,0.559131,0.077823,0.368370,0.066334,0.018416,0.004613,0.004196,0.004757,0.005704,0.001882,0.003381,0.001926,48
human_intervention_revision,in_distribution,1,0.684317,0.185023,0.177509,0.543180,0.558782,0.077989,0.368697,0.066638,0.016919,0.004183,0.004425,0.005207,0.004927,0.001829,0.003503,0.002228,48
human_intervention_revision,in_distribution,2,0.711227,0.186089,0.177429,0.545364,0.559563,0.078220,0.366856,0.065125,0.018087,0.004288,0.004325,0.005964,0.005661,0.001850,0.003740,0.001723,48
human_intervention_revision,in_distribution,3,0.696470,0.186084,0.177951,0.544463,0.559519,0.078203,0.367704,0.065016,0.013635,0.004372,0.004315,0.005061,0.004838,0.001873,0.003731,0.001847,48
human_intervention_revision,in_distribution,4,0.701389,0.184160,0.177390,0.545598,0.559176,0.077492,0.368267,0.065603,0.016847,0.004532,0.004439,0.005800,0.005192,0.001665,0.003911,0.001884,48
human_intervention_revision,in_distribution,5,0.700810,0.186889,0.177500,0.545577,0.559053,0.078311,0.367954,0.065948,0.017402,0.004779,0.004645,0.006248,0.004866,0.001822,0.003735,0.001988,48
human_intervention_revision,in_distribution,6,0.687500,0.185667,0.178592,0.544992,0.561357,0.078047,0.367584,0.065690,0.017739,0.003970,0.004520,0.005665,0.005302,0.001868,0.003740,0.001790,48
human_intervention_revision,long_horizon_recovery,0,0.650752,0.200481,0.189624,0.530298,0.545359,0.081714,0.378960,0.072398,0.016885,0.004325,0.004771,0.005181,0.004427,0.001820,0.003780,0.001925,48
human_intervention_revision,long_horizon_recovery,1,0.638600,0.201881,0.192493,0.529859,0.546052,0.081319,0.378823,0.071346,0.015727,0.004320,0.004809,0.005538,0.005429,0.001875,0.003803,0.001988,48
human_intervention_revision,long_horizon_recovery,2,0.642361,0.201559,0.191686,0.530642,0.546867,0.081414,0.378652,0.070940,0.019292,0.004284,0.004170,0.005923,0.005203,0.001882,0.003916,0.001773,48
human_intervention_revision,long_horizon_recovery,3,0.643808,0.199717,0.191738,0.531109,0.544937,0.080872,0.378625,0.071062,0.017374,0.004653,0.004317,0.005197,0.005560,0.001847,0.003707,0.001890,48
human_intervention_revision,long_horizon_recovery,4,0.646412,0.202343,0.193008,0.532457,0.544493,0.081860,0.378544,0.071312,0.019837,0.004120,0.004677,0.005633,0.005310,0.001698,0.003489,0.002246,48
human_intervention_revision,long_horizon_recovery,5,0.646701,0.201351,0.190714,0.531268,0.544144,0.081732,0.378902,0.071994,0.017848,0.003939,0.004340,0.006006,0.005866,0.001924,0.003537,0.002053,48
human_intervention_revision,long_horizon_recovery,6,0.630208,0.201240,0.191780,0.530804,0.545071,0.082115,0.378197,0.071206,0.019345,0.004346,0.004477,0.005882,0.005395,0.001832,0.003896,0.002012,48
human_intervention_revision,new_operator_interventions,0,0.661458,0.203932,0.194300,0.527964,0.543266,0.082518,0.380423,0.072783,0.017168,0.004584,0.004558,0.005543,0.005468,0.001962,0.003712,0.001985,48
human_intervention_revision,new_operator_interventions,1,0.667535,0.203959,0.193348,0.524388,0.540705,0.082031,0.380429,0.073259,0.019016,0.004283,0.004472,0.005632,0.004396,0.001956,0.003357,0.001838,48
human_intervention_revision,new_operator_interventions,2,0.655382,0.203399,0.194470,0.526062,0.544240,0.082652,0.381182,0.072212,0.017283,0.003978,0.004584,0.005277,0.005134,0.001947,0.003786,0.001899,48
human_intervention_revision,new_operator_interventions,3,0.653356,0.204419,0.195212,0.524971,0.542298,0.082474,0.380154,0.072971,0.020214,0.004379,0.004481,0.006162,0.005020,0.001660,0.003891,0.001951,48
human_intervention_revision,new_operator_interventions,4,0.665799,0.203654,0.195412,0.528263,0.542755,0.082514,0.380758,0.072740,0.017429,0.004055,0.004523,0.005437,0.005063,0.001959,0.003789,0.001923,48
human_intervention_revision,new_operator_interventions,5,0.658275,0.203278,0.193293,0.528681,0.544240,0.082147,0.380505,0.072846,0.019227,0.004618,0.004107,0.006086,0.005341,0.001861,0.003695,0.002137,48
human_intervention_revision,new_operator_interventions,6,0.670139,0.204722,0.195602,0.525968,0.544027,0.083182,0.379979,0.072866,0.016581,0.004394,0.004460,0.005622,0.005076,0.001798,0.003780,0.002085,48
human_intervention_revision,sparse_feedback,0,0.633970,0.219470,0.209232,0.511624,0.528550,0.085660,0.391860,0.078176,0.016778,0.004573,0.004552,0.005924,0.005266,0.001958,0.004027,0.001752,48
human_intervention_revision,sparse_feedback,1,0.644097,0.218517,0.208348,0.511829,0.528029,0.086173,0.390637,0.078101,0.017714,0.004488,0.004363,0.005405,0.005421,0.001878,0.004145,0.001816,48
human_intervention_revision,sparse_feedback,2,0.636574,0.219125,0.208049,0.514291,0.528671,0.086396,0.391565,0.078460,0.018910,0.004431,0.004341,0.005615,0.004629,0.001762,0.003652,0.001973,48
human_intervention_revision,sparse_feedback,3,0.642361,0.219661,0.207956,0.513123,0.530901,0.085856,0.391159,0.077683,0.017896,0.004312,0.004726,0.005462,0.005533,0.002068,0.003752,0.001951,48
human_intervention_revision,sparse_feedback,4,0.643519,0.219157,0.208419,0.510095,0.529130,0.085552,0.392048,0.078319,0.019032,0.004478,0.004087,0.005799,0.005625,0.001866,0.003615,0.002253,48
human_intervention_revision,sparse_feedback,5,0.644387,0.218348,0.208848,0.513027,0.527387,0.085727,0.392026,0.077676,0.018778,0.004300,0.004336,0.005237,0.004583,0.001965,0.003701,0.001853,48
human_intervention_revision,sparse_feedback,6,0.634259,0.219586,0.208004,0.511791,0.527572,0.086112,0.391720,0.078311,0.021250,0.004438,0.004519,0.005225,0.004839,0.001863,0.003887,0.001854,48
no_revision_belief,combined_stress,0,0.321759,0.151239,0.443955,0.219153,0.178693,0.158296,0.044165,0.161265,0.023130,0.002916,0.007743,0.006784,0.007956,0.003125,0.001240,0.004023,48
no_revision_belief,combined_stress,1,0.304109,0.150868,0.442467,0.218265,0.181124,0.157793,0.046151,0.161630,0.019808,0.002779,0.007912,0.006186,0.007090,0.003358,0.001371,0.003762,48
no_revision_belief,combined_stress,2,0.317998,0.151759,0.443022,0.221979,0.177760,0.157710,0.045484,0.161785,0.025441,0.002576,0.008204,0.006082,0.008673,0.003241,0.001396,0.003941,48
no_revision_belief,combined_stress,3,0.326678,0.152237,0.443024,0.217363,0.179070,0.158786,0.044180,0.161186,0.023039,0.002616,0.008099,0.005977,0.007248,0.003165,0.001134,0.004018,48
no_revision_belief,combined_stress,4,0.320312,0.150913,0.442007,0.219707,0.178901,0.158547,0.045646,0.161723,0.024402,0.002597,0.007816,0.006217,0.007003,0.003028,0.001283,0.003848,48
no_revision_belief,combined_stress,5,0.324653,0.149988,0.440906,0.222546,0.179320,0.157505,0.044660,0.161101,0.021984,0.003115,0.008179,0.005530,0.007837,0.003266,0.001155,0.003919,48
no_revision_belief,combined_stress,6,0.316551,0.150460,0.443210,0.221654,0.180951,0.158682,0.044711,0.161037,0.024248,0.002946,0.007794,0.006267,0.007465,0.003158,0.001094,0.003656,48
no_revision_belief,in_distribution,0,0.459201,0.121977,0.386527,0.269763,0.228739,0.144084,0.041439,0.148409,0.023775,0.002718,0.007937,0.005873,0.007709,0.003235,0.001152,0.003634,48
no_revision_belief,in_distribution,1,0.462384,0.124040,0.386972,0.267659,0.230454,0.144307,0.042027,0.148035,0.021612,0.002658,0.007649,0.006249,0.007981,0.003005,0.001318,0.003845,48
no_revision_belief,in_distribution,2,0.465278,0.121616,0.386894,0.270153,0.228023,0.144002,0.042663,0.149032,0.020360,0.003020,0.007802,0.006241,0.007375,0.003175,0.001050,0.003820,48
no_revision_belief,in_distribution,3,0.456308,0.122900,0.386466,0.269345,0.228638,0.144225,0.042382,0.148836,0.025682,0.003125,0.007910,0.005900,0.007265,0.003247,0.001319,0.003889,48
no_revision_belief,in_distribution,4,0.449653,0.122755,0.384460,0.272042,0.227495,0.143365,0.042527,0.148351,0.019731,0.003026,0.007903,0.005589,0.007752,0.003260,0.001175,0.003874,48
no_revision_belief,in_distribution,5,0.465856,0.123394,0.385200,0.270343,0.225507,0.143323,0.042044,0.148644,0.024770,0.002825,0.007948,0.005676,0.007103,0.003113,0.001072,0.003566,48
no_revision_belief,in_distribution,6,0.458333,0.122964,0.386803,0.269757,0.230947,0.143256,0.041619,0.148804,0.022767,0.002654,0.008356,0.006101,0.007621,0.003423,0.001097,0.003692,48
no_revision_belief,long_horizon_recovery,0,0.355903,0.136417,0.411275,0.245083,0.207803,0.149138,0.044353,0.153230,0.022383,0.002986,0.008120,0.005690,0.007645,0.003290,0.000979,0.003709,48
no_revision_belief,long_horizon_recovery,1,0.368345,0.134752,0.412086,0.247959,0.206119,0.149391,0.043271,0.153914,0.021244,0.002851,0.008198,0.007061,0.007609,0.003092,0.001211,0.003903,48
no_revision_belief,long_horizon_recovery,2,0.353588,0.135409,0.410436,0.247705,0.207293,0.150308,0.043574,0.154971,0.024112,0.002629,0.007793,0.006006,0.007681,0.003088,0.001044,0.003953,48
no_revision_belief,long_horizon_recovery,3,0.352141,0.135006,0.411315,0.248345,0.206047,0.151188,0.043440,0.153446,0.023886,0.002574,0.007956,0.006606,0.007362,0.003090,0.000981,0.003986,48
no_revision_belief,long_horizon_recovery,4,0.370370,0.135443,0.410481,0.248572,0.205804,0.150166,0.044349,0.153958,0.023398,0.002700,0.007929,0.005683,0.006724,0.003236,0.001313,0.003873,48
no_revision_belief,long_horizon_recovery,5,0.359954,0.134767,0.411190,0.247945,0.205601,0.149533,0.042861,0.154119,0.024314,0.002522,0.007783,0.006100,0.007494,0.003242,0.001073,0.003881,48
no_revision_belief,long_horizon_recovery,6,0.356771,0.135317,0.411635,0.245628,0.206015,0.150088,0.044193,0.153813,0.024733,0.003154,0.007504,0.006393,0.007616,0.003167,0.001084,0.003686,48
no_revision_belief,new_operator_interventions,0,0.390336,0.137325,0.415777,0.241415,0.203357,0.150527,0.043776,0.155562,0.020170,0.002924,0.007784,0.005838,0.007484,0.003471,0.001277,0.003701,48
no_revision_belief,new_operator_interventions,1,0.391493,0.136329,0.415489,0.243342,0.202657,0.150999,0.044192,0.155724,0.023765,0.003023,0.008480,0.006257,0.007688,0.003150,0.001245,0.003751,48
no_revision_belief,new_operator_interventions,2,0.400463,0.136856,0.415337,0.241008,0.204835,0.151570,0.043962,0.155260,0.023649,0.002688,0.007857,0.006852,0.007758,0.003195,0.000976,0.003942,48
no_revision_belief,new_operator_interventions,3,0.379340,0.137592,0.416388,0.241604,0.203627,0.151066,0.042080,0.155476,0.026602,0.002729,0.007808,0.005992,0.008029,0.003029,0.000993,0.004100,48
no_revision_belief,new_operator_interventions,4,0.394965,0.138262,0.414599,0.242270,0.202115,0.150848,0.043563,0.155428,0.022548,0.002693,0.008187,0.005847,0.008278,0.003087,0.001218,0.003615,48
no_revision_belief,new_operator_interventions,5,0.414062,0.137439,0.416089,0.245216,0.202122,0.151438,0.044530,0.154590,0.028109,0.002559,0.007883,0.006209,0.007178,0.003123,0.000962,0.004060,48
no_revision_belief,new_operator_interventions,6,0.403067,0.138776,0.415547,0.244364,0.202299,0.151932,0.043909,0.154821,0.024591,0.002544,0.008011,0.006047,0.007524,0.003217,0.001033,0.003955,48
no_revision_belief,sparse_feedback,0,0.353299,0.150334,0.440350,0.220685,0.182116,0.157225,0.045169,0.159997,0.019653,0.002920,0.007996,0.005650,0.007387,0.003118,0.001051,0.003872,48
no_revision_belief,sparse_feedback,1,0.358507,0.150025,0.439660,0.224690,0.182880,0.157696,0.044689,0.161394,0.022920,0.002697,0.008096,0.006070,0.008211,0.003064,0.001146,0.004082,48
no_revision_belief,sparse_feedback,2,0.359664,0.148704,0.438501,0.221717,0.182856,0.156269,0.044660,0.160212,0.020557,0.002760,0.007881,0.005997,0.008230,0.003196,0.001339,0.004014,48
no_revision_belief,sparse_feedback,3,0.353299,0.149996,0.440758,0.222090,0.179562,0.156530,0.045565,0.160044,0.025872,0.002722,0.007801,0.006877,0.007980,0.003298,0.000907,0.003813,48
no_revision_belief,sparse_feedback,4,0.353588,0.149376,0.438882,0.221417,0.178487,0.156290,0.044813,0.160705,0.023491,0.002663,0.007719,0.006305,0.008225,0.003276,0.001103,0.003729,48
no_revision_belief,sparse_feedback,5,0.342303,0.148718,0.440212,0.222106,0.180165,0.157370,0.044801,0.159847,0.021589,0.002475,0.007794,0.005953,0.008049,0.003156,0.001234,0.003800,48
no_revision_belief,sparse_feedback,6,0.369792,0.150166,0.439874,0.224178,0.181358,0.156884,0.045244,0.160601,0.023998,0.002921,0.008171,0.005701,0.007492,0.003282,0.001096,0.003828,48
oracle_intervention_belief_revision,combined_stress,0,0.824363,0.066352,0.059326,0.847790,0.811749,0.038820,0.209434,0.038429,0.013550,0.002096,0.002030,0.003823,0.003273,0.001157,0.001773,0.001209,48
oracle_intervention_belief_revision,combined_stress,1,0.825231,0.066916,0.061117,0.847289,0.810573,0.038903,0.208651,0.038056,0.015225,0.001885,0.001586,0.003083,0.003567,0.001063,0.001369,0.000948,48
oracle_intervention_belief_revision,combined_stress,2,0.823785,0.066442,0.059831,0.847726,0.810593,0.038391,0.209539,0.038721,0.014571,0.001706,0.001904,0.003692,0.004149,0.001158,0.001602,0.001284,48
oracle_intervention_belief_revision,combined_stress,3,0.822049,0.064702,0.060215,0.843019,0.811336,0.039040,0.208393,0.038490,0.015414,0.001807,0.001909,0.003535,0.003347,0.001112,0.001733,0.001054,48
oracle_intervention_belief_revision,combined_stress,4,0.825231,0.065896,0.061482,0.846971,0.811339,0.038409,0.208357,0.038262,0.014854,0.001948,0.001847,0.004400,0.003724,0.000932,0.001693,0.001046,48
oracle_intervention_belief_revision,combined_stress,5,0.821470,0.065812,0.061761,0.848639,0.808626,0.039493,0.209352,0.039716,0.010964,0.001677,0.001944,0.003389,0.003250,0.001296,0.001812,0.001074,48
oracle_intervention_belief_revision,combined_stress,6,0.834491,0.065716,0.060779,0.849623,0.810803,0.039083,0.208864,0.037691,0.012811,0.001855,0.001996,0.003495,0.003294,0.001045,0.001748,0.001071,48
oracle_intervention_belief_revision,in_distribution,0,0.852141,0.058332,0.054185,0.858165,0.819859,0.034974,0.200593,0.026060,0.013719,0.002180,0.001812,0.003809,0.003662,0.001016,0.001410,0.001202,48
oracle_intervention_belief_revision,in_distribution,1,0.846933,0.057463,0.054855,0.858878,0.821943,0.033438,0.200089,0.025803,0.013157,0.001733,0.001620,0.003833,0.003401,0.000907,0.001752,0.001130,48
oracle_intervention_belief_revision,in_distribution,2,0.850984,0.057520,0.053493,0.857804,0.821833,0.034556,0.199684,0.025693,0.011598,0.002247,0.001911,0.002803,0.003219,0.001060,0.001770,0.001125,48
oracle_intervention_belief_revision,in_distribution,3,0.853877,0.058015,0.053198,0.858054,0.818835,0.033426,0.199128,0.025910,0.012583,0.002037,0.001799,0.003489,0.003495,0.001117,0.001570,0.001067,48
oracle_intervention_belief_revision,in_distribution,4,0.846065,0.058507,0.054292,0.858906,0.821898,0.035265,0.199829,0.025755,0.012072,0.001949,0.001948,0.003002,0.003034,0.001082,0.001750,0.001139,48
oracle_intervention_belief_revision,in_distribution,5,0.851562,0.056882,0.052589,0.859817,0.821901,0.033916,0.200507,0.025816,0.012270,0.001812,0.002124,0.003973,0.003131,0.001103,0.001830,0.001071,48
oracle_intervention_belief_revision,in_distribution,6,0.855613,0.057496,0.053398,0.859587,0.820944,0.034496,0.200516,0.026144,0.011311,0.001876,0.001904,0.003299,0.003210,0.001061,0.001607,0.001103,48
oracle_intervention_belief_revision,long_horizon_recovery,0,0.823206,0.060601,0.056400,0.852844,0.817643,0.035933,0.204376,0.031794,0.011738,0.001858,0.001667,0.003782,0.003401,0.001102,0.001801,0.001188,48
oracle_intervention_belief_revision,long_horizon_recovery,1,0.832465,0.058339,0.056452,0.852526,0.814870,0.036359,0.203725,0.031699,0.014142,0.001892,0.001937,0.003879,0.003505,0.001169,0.002074,0.001105,48
oracle_intervention_belief_revision,long_horizon_recovery,2,0.830440,0.060933,0.057366,0.852918,0.815802,0.035472,0.203660,0.031275,0.014154,0.001903,0.001794,0.003140,0.003962,0.000989,0.001662,0.001000,48
oracle_intervention_belief_revision,long_horizon_recovery,3,0.821181,0.060522,0.057106,0.854447,0.813729,0.036150,0.204635,0.030746,0.015371,0.001813,0.001876,0.003473,0.003497,0.000915,0.001965,0.001026,48
oracle_intervention_belief_revision,long_horizon_recovery,4,0.829282,0.062370,0.056473,0.852700,0.817738,0.035945,0.205477,0.031116,0.013944,0.002089,0.001981,0.003592,0.003691,0.001165,0.001918,0.001022,48
oracle_intervention_belief_revision,long_horizon_recovery,5,0.831019,0.061051,0.056513,0.852395,0.815427,0.036412,0.204248,0.032032,0.014754,0.001847,0.001716,0.003246,0.003798,0.001020,0.001655,0.000958,48
oracle_intervention_belief_revision,long_horizon_recovery,6,0.818866,0.062266,0.057875,0.852837,0.815528,0.036615,0.204557,0.031429,0.015590,0.001858,0.002009,0.003220,0.003252,0.001185,0.001792,0.001037,48
oracle_intervention_belief_revision,new_operator_interventions,0,0.843750,0.063262,0.056987,0.851447,0.813314,0.036222,0.205424,0.033504,0.013032,0.001790,0.001861,0.003646,0.003640,0.001040,0.001813,0.001126,48
oracle_intervention_belief_revision,new_operator_interventions,1,0.825521,0.061734,0.057348,0.851076,0.815097,0.036524,0.205815,0.032662,0.016025,0.001941,0.001783,0.003825,0.003385,0.001241,0.001703,0.001080,48
oracle_intervention_belief_revision,new_operator_interventions,2,0.836516,0.062117,0.057830,0.852128,0.815271,0.037004,0.205752,0.033299,0.011696,0.002009,0.001933,0.003440,0.003514,0.001137,0.001741,0.000892,48
oracle_intervention_belief_revision,new_operator_interventions,3,0.830729,0.062289,0.057880,0.851201,0.815782,0.037734,0.204532,0.032353,0.012626,0.001835,0.001989,0.003435,0.003164,0.001020,0.001652,0.001240,48
oracle_intervention_belief_revision,new_operator_interventions,4,0.836806,0.062386,0.057140,0.853872,0.813839,0.035681,0.204548,0.032251,0.015196,0.001683,0.001469,0.003315,0.003039,0.000988,0.001684,0.001252,48
oracle_intervention_belief_revision,new_operator_interventions,5,0.834201,0.061452,0.057573,0.852484,0.817197,0.036989,0.205647,0.031986,0.011813,0.002078,0.002008,0.002814,0.003627,0.000981,0.001755,0.001093,48
oracle_intervention_belief_revision,new_operator_interventions,6,0.823785,0.063095,0.056552,0.850289,0.815826,0.036159,0.205156,0.032382,0.015102,0.002020,0.001925,0.003405,0.003326,0.001125,0.001724,0.001123,48
oracle_intervention_belief_revision,sparse_feedback,0,0.834491,0.065503,0.059925,0.846235,0.808379,0.038428,0.208773,0.038110,0.015397,0.001902,0.001833,0.003015,0.003350,0.001111,0.001769,0.000954,48
oracle_intervention_belief_revision,sparse_feedback,1,0.813947,0.065696,0.062128,0.849164,0.811161,0.038690,0.208771,0.037345,0.015732,0.001940,0.001959,0.003105,0.003471,0.000967,0.001882,0.001027,48
oracle_intervention_belief_revision,sparse_feedback,2,0.832176,0.065394,0.060836,0.848997,0.811338,0.038346,0.208197,0.037764,0.014586,0.001912,0.001990,0.003973,0.003503,0.000934,0.001572,0.001029,48
oracle_intervention_belief_revision,sparse_feedback,3,0.824074,0.066158,0.060038,0.849216,0.808419,0.039140,0.209229,0.038485,0.013027,0.001815,0.001604,0.003148,0.003059,0.001235,0.001687,0.001152,48
oracle_intervention_belief_revision,sparse_feedback,4,0.831308,0.065044,0.059819,0.845194,0.812559,0.039082,0.209660,0.037576,0.014362,0.001680,0.001863,0.003476,0.003506,0.001086,0.001646,0.000927,48
oracle_intervention_belief_revision,sparse_feedback,5,0.824363,0.065015,0.060369,0.844973,0.812000,0.039023,0.208820,0.038286,0.013281,0.001791,0.001829,0.004138,0.003112,0.001166,0.001650,0.000958,48
oracle_intervention_belief_revision,sparse_feedback,6,0.843171,0.065889,0.060792,0.846262,0.809872,0.038090,0.208634,0.038270,0.012608,0.002011,0.001937,0.003894,0.003413,0.001137,0.001612,0.001143,48
periodic_bayes_update,combined_stress,0,0.427083,0.302808,0.359225,0.323757,0.294871,0.131751,0.127901,0.126112,0.017318,0.004760,0.006222,0.007234,0.006727,0.002521,0.001906,0.003149,48
periodic_bayes_update,combined_stress,1,0.409433,0.302579,0.360490,0.322226,0.295051,0.132078,0.126860,0.126735,0.023323,0.005103,0.007067,0.006191,0.006672,0.002684,0.001607,0.003188,48
periodic_bayes_update,combined_stress,2,0.415799,0.302267,0.359573,0.321691,0.295487,0.131492,0.125755,0.126556,0.018276,0.005002,0.006403,0.006002,0.006963,0.002545,0.001569,0.003208,48
periodic_bayes_update,combined_stress,3,0.417824,0.302353,0.359913,0.321971,0.297520,0.131259,0.126435,0.126447,0.021972,0.004957,0.006955,0.006288,0.006296,0.002709,0.001610,0.003190,48
periodic_bayes_update,combined_stress,4,0.402488,0.303686,0.359492,0.320739,0.292214,0.131842,0.125721,0.126625,0.019911,0.004997,0.007027,0.006234,0.007549,0.002797,0.001897,0.003228,48
periodic_bayes_update,combined_stress,5,0.424190,0.303202,0.361329,0.320429,0.295808,0.131399,0.126871,0.125216,0.020214,0.005310,0.006652,0.006864,0.006306,0.002769,0.001908,0.003442,48
periodic_bayes_update,combined_stress,6,0.429109,0.302743,0.360443,0.320727,0.292144,0.131742,0.126754,0.126422,0.022480,0.004913,0.006493,0.005909,0.007345,0.002819,0.001800,0.003135,48
periodic_bayes_update,in_distribution,0,0.539641,0.256131,0.310150,0.367503,0.340787,0.119451,0.115467,0.113504,0.022982,0.004675,0.006564,0.006754,0.006568,0.002606,0.001861,0.003156,48
periodic_bayes_update,in_distribution,1,0.543981,0.256289,0.309418,0.367241,0.340297,0.119410,0.115777,0.113364,0.020008,0.004908,0.006430,0.006291,0.007231,0.002678,0.001818,0.002731,48
periodic_bayes_update,in_distribution,2,0.539931,0.256154,0.311515,0.368131,0.340479,0.118780,0.115729,0.113768,0.025239,0.004829,0.006396,0.006818,0.006278,0.002575,0.002145,0.003248,48
periodic_bayes_update,in_distribution,3,0.543113,0.256966,0.309985,0.366099,0.337808,0.119345,0.115514,0.114036,0.021356,0.004660,0.007035,0.006576,0.006254,0.002575,0.001639,0.003117,48
periodic_bayes_update,in_distribution,4,0.544850,0.256204,0.310072,0.367811,0.338705,0.119014,0.115877,0.113389,0.023704,0.004890,0.006505,0.006381,0.007286,0.002748,0.001823,0.003163,48
periodic_bayes_update,in_distribution,5,0.544560,0.256683,0.310606,0.366900,0.342569,0.119414,0.115223,0.113433,0.022607,0.004905,0.006636,0.006124,0.006750,0.002850,0.001712,0.003202,48
periodic_bayes_update,in_distribution,6,0.540799,0.255978,0.310891,0.368180,0.338962,0.118485,0.115830,0.113309,0.022730,0.004653,0.006783,0.006834,0.007156,0.002960,0.001786,0.003238,48
periodic_bayes_update,long_horizon_recovery,0,0.427662,0.277021,0.332433,0.345819,0.319647,0.124201,0.120854,0.119262,0.019025,0.004683,0.006609,0.006054,0.006842,0.002719,0.001725,0.003289,48
periodic_bayes_update,long_horizon_recovery,1,0.445891,0.276739,0.332610,0.349075,0.320678,0.124991,0.119900,0.118761,0.019907,0.004892,0.006500,0.007780,0.007013,0.002537,0.001569,0.003114,48
periodic_bayes_update,long_horizon_recovery,2,0.428241,0.276863,0.332979,0.346599,0.321423,0.124098,0.119434,0.118970,0.025105,0.005115,0.006596,0.006722,0.007636,0.002738,0.001695,0.003275,48
periodic_bayes_update,long_horizon_recovery,3,0.441840,0.276928,0.332042,0.349767,0.318880,0.124749,0.120537,0.118212,0.023847,0.004792,0.006830,0.006471,0.006666,0.002743,0.001741,0.003272,48
periodic_bayes_update,long_horizon_recovery,4,0.445312,0.276354,0.331110,0.350271,0.319993,0.124753,0.120470,0.118555,0.020237,0.005085,0.006458,0.006532,0.006507,0.002793,0.001980,0.003101,48
periodic_bayes_update,long_horizon_recovery,5,0.452836,0.276395,0.332040,0.346179,0.323687,0.124760,0.119580,0.119591,0.016665,0.005340,0.006409,0.006746,0.006553,0.002673,0.001832,0.002907,48
periodic_bayes_update,long_horizon_recovery,6,0.440394,0.276973,0.331259,0.345813,0.319886,0.124717,0.121323,0.119296,0.021383,0.005495,0.006643,0.006009,0.006398,0.002845,0.001862,0.003128,48
periodic_bayes_update,new_operator_interventions,0,0.484086,0.281871,0.336696,0.342033,0.315342,0.125938,0.122214,0.119992,0.019936,0.005254,0.006479,0.005355,0.007483,0.002950,0.001973,0.003416,48
periodic_bayes_update,new_operator_interventions,1,0.474537,0.280169,0.336186,0.342654,0.317575,0.126083,0.120154,0.120891,0.017708,0.004958,0.006669,0.006931,0.007158,0.002864,0.001559,0.003100,48
periodic_bayes_update,new_operator_interventions,2,0.487847,0.280595,0.336529,0.342962,0.317676,0.124985,0.121116,0.120177,0.020943,0.004761,0.006668,0.006448,0.006365,0.002853,0.001876,0.003129,48
periodic_bayes_update,new_operator_interventions,3,0.470486,0.281961,0.335602,0.345261,0.318942,0.126171,0.121339,0.120645,0.020974,0.004807,0.006848,0.006962,0.007052,0.002883,0.002054,0.003136,48
periodic_bayes_update,new_operator_interventions,4,0.482350,0.280688,0.336239,0.345123,0.314683,0.125503,0.120778,0.120183,0.022267,0.005269,0.006893,0.006933,0.006700,0.002652,0.001722,0.003272,48
periodic_bayes_update,new_operator_interventions,5,0.479167,0.280831,0.337417,0.344091,0.320284,0.126312,0.121735,0.120554,0.019334,0.004790,0.006822,0.006243,0.007033,0.002718,0.001872,0.003092,48
periodic_bayes_update,new_operator_interventions,6,0.490162,0.280921,0.335607,0.345402,0.317125,0.125625,0.121061,0.119886,0.022226,0.005089,0.005799,0.006189,0.006357,0.002749,0.001945,0.003353,48
periodic_bayes_update,sparse_feedback,0,0.431134,0.299678,0.357816,0.324385,0.300893,0.131688,0.126289,0.124878,0.022123,0.004781,0.006541,0.006595,0.006443,0.002986,0.001884,0.003295,48
periodic_bayes_update,sparse_feedback,1,0.441551,0.299416,0.358799,0.324890,0.298720,0.131381,0.126297,0.125361,0.022197,0.005121,0.006977,0.007018,0.006511,0.002742,0.001448,0.003306,48
periodic_bayes_update,sparse_feedback,2,0.446181,0.300903,0.357784,0.325813,0.296142,0.131171,0.124720,0.125293,0.021849,0.005154,0.006739,0.006344,0.007258,0.002698,0.001600,0.003201,48
periodic_bayes_update,sparse_feedback,3,0.458044,0.300080,0.356669,0.325129,0.297603,0.131754,0.124511,0.125241,0.026998,0.004896,0.006769,0.007131,0.007183,0.002856,0.002058,0.003000,48
periodic_bayes_update,sparse_feedback,4,0.437211,0.299215,0.357891,0.326509,0.295827,0.131377,0.127015,0.124798,0.020149,0.005273,0.006648,0.006464,0.007023,0.002813,0.001917,0.003096,48
periodic_bayes_update,sparse_feedback,5,0.453704,0.300886,0.357739,0.325117,0.296802,0.131737,0.125271,0.124683,0.020382,0.005165,0.006697,0.007162,0.007155,0.002653,0.001958,0.003060,48
periodic_bayes_update,sparse_feedback,6,0.451100,0.299330,0.357724,0.323211,0.299550,0.131096,0.126428,0.125994,0.019936,0.004786,0.006521,0.006485,0.006085,0.002895,0.001642,0.003144,48
proposed_intervention_violation_revision,combined_stress,0,0.714120,0.124871,0.117589,0.713350,0.684549,0.058984,0.258876,0.057532,0.018193,0.003043,0.002533,0.004213,0.004246,0.001282,0.002315,0.001496,48
proposed_intervention_violation_revision,combined_stress,1,0.726273,0.124842,0.116408,0.711912,0.682599,0.059168,0.258996,0.057498,0.016108,0.003346,0.002825,0.004910,0.004172,0.001527,0.002301,0.001623,48
proposed_intervention_violation_revision,combined_stress,2,0.739583,0.128201,0.118167,0.711192,0.683852,0.059046,0.258634,0.057891,0.018403,0.003430,0.002665,0.004807,0.004588,0.001344,0.002349,0.001573,48
proposed_intervention_violation_revision,combined_stress,3,0.732639,0.125404,0.116735,0.712334,0.682729,0.059587,0.259034,0.057444,0.016700,0.002880,0.003373,0.004575,0.004093,0.001394,0.002631,0.001565,48
proposed_intervention_violation_revision,combined_stress,4,0.727720,0.125762,0.116578,0.714018,0.684388,0.058768,0.259537,0.058017,0.017992,0.003231,0.002951,0.003856,0.004840,0.001366,0.002457,0.001382,48
proposed_intervention_violation_revision,combined_stress,5,0.729456,0.125955,0.116627,0.713464,0.681696,0.059274,0.259347,0.058029,0.017346,0.003099,0.002798,0.005182,0.004239,0.001515,0.002326,0.001465,48
proposed_intervention_violation_revision,combined_stress,6,0.719618,0.126467,0.116943,0.713811,0.685457,0.058645,0.259735,0.057223,0.017149,0.002816,0.003058,0.004358,0.004779,0.001440,0.002165,0.001421,48
proposed_intervention_violation_revision,in_distribution,0,0.786169,0.107311,0.098562,0.735517,0.707957,0.051556,0.246670,0.045402,0.015732,0.002941,0.002973,0.004669,0.004609,0.001465,0.002716,0.001501,48
proposed_intervention_violation_revision,in_distribution,1,0.768808,0.107459,0.100182,0.734012,0.705501,0.052028,0.245344,0.045267,0.018965,0.002861,0.002607,0.004426,0.004698,0.001274,0.002318,0.001631,48
proposed_intervention_violation_revision,in_distribution,2,0.777199,0.107543,0.099554,0.735498,0.706665,0.051962,0.246459,0.045198,0.018304,0.003216,0.003239,0.004123,0.005297,0.001375,0.002759,0.001500,48
proposed_intervention_violation_revision,in_distribution,3,0.780961,0.108318,0.099792,0.735196,0.704549,0.053054,0.245497,0.045392,0.015038,0.003202,0.002918,0.004254,0.004804,0.001610,0.002292,0.001326,48
proposed_intervention_violation_revision,in_distribution,4,0.767650,0.107150,0.100678,0.738212,0.703559,0.052620,0.246001,0.044697,0.015437,0.003415,0.002696,0.004346,0.004507,0.001524,0.002217,0.001499,48
proposed_intervention_violation_revision,in_distribution,5,0.795139,0.108272,0.099445,0.735081,0.706318,0.051948,0.244312,0.045473,0.013502,0.003353,0.003169,0.004664,0.004016,0.001348,0.002446,0.001395,48
proposed_intervention_violation_revision,in_distribution,6,0.769387,0.107770,0.098827,0.736260,0.707561,0.051845,0.246504,0.045084,0.014033,0.003398,0.002621,0.004647,0.004856,0.001489,0.002459,0.001542,48
proposed_intervention_violation_revision,long_horizon_recovery,0,0.748553,0.115585,0.106847,0.723249,0.698848,0.055396,0.251680,0.050276,0.017026,0.002728,0.003167,0.004070,0.004153,0.001445,0.002315,0.001673,48
proposed_intervention_violation_revision,long_horizon_recovery,1,0.736690,0.117353,0.107282,0.724033,0.697346,0.055628,0.251615,0.050709,0.016149,0.002948,0.002968,0.004860,0.004686,0.001430,0.002082,0.001497,48
proposed_intervention_violation_revision,long_horizon_recovery,2,0.741030,0.116395,0.107870,0.727881,0.696198,0.055587,0.251277,0.050619,0.017693,0.003315,0.002692,0.004044,0.004301,0.001327,0.002619,0.001319,48
proposed_intervention_violation_revision,long_horizon_recovery,3,0.738715,0.115220,0.108240,0.724745,0.696794,0.054894,0.252521,0.050559,0.016525,0.003502,0.002961,0.004696,0.004306,0.001608,0.002614,0.001490,48
proposed_intervention_violation_revision,long_horizon_recovery,4,0.748843,0.115931,0.106666,0.724731,0.697072,0.055434,0.251712,0.049834,0.018355,0.002877,0.002766,0.004811,0.004587,0.001453,0.002341,0.001348,48
proposed_intervention_violation_revision,long_horizon_recovery,5,0.736400,0.115961,0.106151,0.726549,0.694812,0.055804,0.250896,0.051900,0.014236,0.003144,0.002917,0.004441,0.004194,0.001383,0.002273,0.001258,48
proposed_intervention_violation_revision,long_horizon_recovery,6,0.753762,0.115478,0.106040,0.727946,0.698182,0.055374,0.252235,0.049719,0.014629,0.003047,0.003446,0.004481,0.004316,0.001487,0.002294,0.001503,48
proposed_intervention_violation_revision,new_operator_interventions,0,0.761285,0.117388,0.108789,0.721779,0.692950,0.055864,0.251095,0.051553,0.016918,0.002801,0.002927,0.003790,0.004206,0.001726,0.002073,0.001658,48
proposed_intervention_violation_revision,new_operator_interventions,1,0.753472,0.117581,0.108433,0.721273,0.692538,0.055445,0.252055,0.050519,0.013815,0.003322,0.002916,0.004512,0.004398,0.001425,0.002466,0.001488,48
proposed_intervention_violation_revision,new_operator_interventions,2,0.765914,0.117938,0.108070,0.722728,0.695252,0.055842,0.252748,0.051330,0.013367,0.003386,0.002876,0.004274,0.004068,0.001424,0.002398,0.001716,48
proposed_intervention_violation_revision,new_operator_interventions,3,0.755787,0.116957,0.107943,0.723498,0.695064,0.056397,0.251623,0.050843,0.015838,0.002939,0.002714,0.004676,0.004643,0.001528,0.002374,0.001500,48
proposed_intervention_violation_revision,new_operator_interventions,4,0.759549,0.116647,0.108027,0.724441,0.691598,0.056382,0.252441,0.052092,0.014816,0.003254,0.003004,0.004018,0.004439,0.001733,0.002267,0.001614,48
proposed_intervention_violation_revision,new_operator_interventions,5,0.741609,0.118346,0.108503,0.724801,0.693754,0.056150,0.252839,0.052232,0.017992,0.003170,0.002659,0.004103,0.004569,0.001421,0.002087,0.001467,48
proposed_intervention_violation_revision,new_operator_interventions,6,0.759259,0.117142,0.109396,0.724412,0.692573,0.055284,0.251397,0.051291,0.016716,0.003275,0.003020,0.004658,0.004473,0.001619,0.002543,0.001594,48
proposed_intervention_violation_revision,sparse_feedback,0,0.762442,0.125829,0.115480,0.714911,0.683773,0.058542,0.257875,0.056946,0.013689,0.003196,0.003177,0.004369,0.004320,0.001299,0.002436,0.001310,48
proposed_intervention_violation_revision,sparse_feedback,1,0.743634,0.125024,0.115334,0.715231,0.684332,0.058920,0.257620,0.057102,0.017402,0.002778,0.002982,0.005462,0.004174,0.001438,0.002399,0.001325,48
proposed_intervention_violation_revision,sparse_feedback,2,0.734664,0.125459,0.115359,0.713387,0.684244,0.059253,0.258092,0.057741,0.018309,0.003247,0.003198,0.004734,0.003688,0.001596,0.002274,0.001352,48
proposed_intervention_violation_revision,sparse_feedback,3,0.737847,0.126038,0.115618,0.712690,0.683893,0.059401,0.258194,0.057481,0.016404,0.002876,0.002994,0.004868,0.004368,0.001510,0.002205,0.001455,48
proposed_intervention_violation_revision,sparse_feedback,4,0.747106,0.125289,0.115674,0.716260,0.686772,0.058805,0.257776,0.056657,0.017959,0.003031,0.002802,0.004624,0.004700,0.001384,0.002181,0.001548,48
proposed_intervention_violation_revision,sparse_feedback,5,0.740451,0.124564,0.115340,0.714420,0.686991,0.058267,0.259657,0.057891,0.014182,0.002875,0.003052,0.005158,0.004493,0.001182,0.002466,0.001454,48
proposed_intervention_violation_revision,sparse_feedback,6,0.715856,0.125222,0.114751,0.713386,0.686551,0.057839,0.258931,0.057046,0.019435,0.003113,0.002648,0.004440,0.004655,0.001540,0.002269,0.001577,48
scalar_uncertainty_trigger,combined_stress,0,0.459491,0.267474,0.320845,0.378336,0.351116,0.116402,0.183969,0.105908,0.024341,0.004642,0.005729,0.006440,0.006511,0.002418,0.002201,0.002569,48
scalar_uncertainty_trigger,combined_stress,1,0.469618,0.267377,0.320752,0.376468,0.351732,0.116232,0.185895,0.106383,0.018027,0.004758,0.005990,0.006077,0.005913,0.002318,0.002430,0.002469,48
scalar_uncertainty_trigger,combined_stress,2,0.477431,0.269120,0.320983,0.376404,0.353069,0.115700,0.185682,0.106612,0.019731,0.004961,0.005685,0.006162,0.006373,0.002135,0.002485,0.002673,48
scalar_uncertainty_trigger,combined_stress,3,0.480903,0.267866,0.319461,0.379618,0.351868,0.115453,0.186320,0.106457,0.021362,0.004990,0.006042,0.005631,0.006539,0.002506,0.002462,0.002769,48
scalar_uncertainty_trigger,combined_stress,4,0.480903,0.267694,0.321353,0.375800,0.350899,0.116176,0.184995,0.106422,0.022192,0.005121,0.006000,0.006598,0.005725,0.002365,0.002375,0.002918,48
scalar_uncertainty_trigger,combined_stress,5,0.479745,0.267396,0.319978,0.375773,0.354827,0.115933,0.184883,0.106646,0.019603,0.004729,0.005821,0.006211,0.006239,0.002273,0.002342,0.002709,48
scalar_uncertainty_trigger,combined_stress,6,0.478299,0.267717,0.320882,0.378822,0.351274,0.115935,0.184132,0.106741,0.020727,0.004702,0.006286,0.006776,0.006755,0.002529,0.002278,0.002708,48
scalar_uncertainty_trigger,in_distribution,0,0.577546,0.225482,0.275281,0.417572,0.395499,0.104923,0.171065,0.093456,0.019331,0.004840,0.005721,0.006401,0.006805,0.002437,0.002139,0.002640,48
scalar_uncertainty_trigger,in_distribution,1,0.593171,0.225556,0.275059,0.419186,0.393916,0.105489,0.171594,0.093515,0.020520,0.004905,0.005961,0.006206,0.007047,0.002264,0.002225,0.002727,48
scalar_uncertainty_trigger,in_distribution,2,0.588542,0.224574,0.275349,0.417854,0.393893,0.104582,0.169832,0.093751,0.024739,0.004953,0.006178,0.005889,0.007000,0.002287,0.002193,0.003000,48
scalar_uncertainty_trigger,in_distribution,3,0.589988,0.224885,0.274765,0.421101,0.394571,0.103768,0.170949,0.093991,0.020035,0.004618,0.006301,0.005839,0.006459,0.002284,0.002551,0.002781,48
scalar_uncertainty_trigger,in_distribution,4,0.580729,0.225244,0.274815,0.422514,0.397387,0.104357,0.170566,0.093936,0.016082,0.004749,0.006160,0.005996,0.006036,0.002360,0.002355,0.002733,48
scalar_uncertainty_trigger,in_distribution,5,0.585359,0.226676,0.274355,0.418677,0.395124,0.103827,0.172098,0.094657,0.018782,0.004942,0.006076,0.006039,0.006316,0.002388,0.002517,0.002845,48
scalar_uncertainty_trigger,in_distribution,6,0.584491,0.225249,0.273457,0.422455,0.393812,0.104644,0.170501,0.094888,0.020341,0.004448,0.006223,0.006159,0.005370,0.002351,0.002219,0.002826,48
scalar_uncertainty_trigger,long_horizon_recovery,0,0.519965,0.243682,0.295115,0.402238,0.376641,0.109984,0.177236,0.099329,0.024783,0.005053,0.005977,0.006005,0.005885,0.002536,0.002561,0.002955,48
scalar_uncertainty_trigger,long_horizon_recovery,1,0.512731,0.244348,0.294376,0.399208,0.373485,0.108792,0.178365,0.099096,0.021701,0.004572,0.005990,0.005490,0.006147,0.002421,0.002373,0.002698,48
scalar_uncertainty_trigger,long_horizon_recovery,2,0.507523,0.243106,0.294679,0.400532,0.375188,0.110007,0.176939,0.099174,0.026101,0.005254,0.005976,0.006673,0.006504,0.002376,0.002506,0.002698,48
scalar_uncertainty_trigger,long_horizon_recovery,3,0.489294,0.244156,0.295233,0.402927,0.373476,0.108869,0.177800,0.099926,0.020364,0.004516,0.005817,0.007219,0.006265,0.002252,0.002540,0.002720,48
scalar_uncertainty_trigger,long_horizon_recovery,4,0.501736,0.245439,0.295301,0.404838,0.375202,0.109581,0.176859,0.100158,0.017917,0.004787,0.005965,0.005859,0.006022,0.002538,0.002480,0.002798,48
scalar_uncertainty_trigger,long_horizon_recovery,5,0.511863,0.244689,0.295453,0.401394,0.376019,0.109203,0.176850,0.099328,0.019887,0.004614,0.005924,0.006518,0.006198,0.002252,0.002395,0.002556,48
scalar_uncertainty_trigger,long_horizon_recovery,6,0.512442,0.243672,0.294783,0.399829,0.373977,0.110247,0.176984,0.099327,0.020202,0.004652,0.005849,0.006575,0.006041,0.002254,0.002437,0.002814,48
scalar_uncertainty_trigger,new_operator_interventions,0,0.535012,0.248393,0.298343,0.397447,0.368451,0.111020,0.178114,0.101294,0.019520,0.005128,0.005961,0.006605,0.006609,0.002392,0.002304,0.002553,48
scalar_uncertainty_trigger,new_operator_interventions,1,0.540799,0.246999,0.300057,0.396887,0.370717,0.110425,0.179063,0.100648,0.016990,0.004799,0.005918,0.006408,0.005818,0.002436,0.002358,0.002839,48
scalar_uncertainty_trigger,new_operator_interventions,2,0.537037,0.246688,0.297622,0.398444,0.373708,0.109589,0.178347,0.100782,0.022247,0.004970,0.006261,0.006425,0.006628,0.002509,0.002284,0.002710,48
scalar_uncertainty_trigger,new_operator_interventions,3,0.526910,0.247418,0.299039,0.396737,0.369997,0.110951,0.178672,0.099904,0.023315,0.004915,0.005509,0.005892,0.006895,0.002286,0.002305,0.002694,48
scalar_uncertainty_trigger,new_operator_interventions,4,0.532697,0.248442,0.299012,0.397948,0.373541,0.111169,0.178164,0.100402,0.019103,0.004710,0.005693,0.005604,0.005899,0.002147,0.002204,0.002743,48
scalar_uncertainty_trigger,new_operator_interventions,5,0.543981,0.248026,0.298403,0.399806,0.371885,0.111199,0.177484,0.101000,0.022158,0.005240,0.006263,0.006142,0.006986,0.002583,0.002208,0.002584,48
scalar_uncertainty_trigger,new_operator_interventions,6,0.528646,0.247534,0.298497,0.395039,0.369117,0.110607,0.178275,0.100265,0.021800,0.004952,0.006295,0.006187,0.006064,0.002606,0.002195,0.002898,48
scalar_uncertainty_trigger,sparse_feedback,0,0.511863,0.265621,0.316522,0.381464,0.352870,0.114113,0.184379,0.106293,0.023561,0.004969,0.005867,0.005878,0.006415,0.002400,0.002392,0.002667,48
scalar_uncertainty_trigger,sparse_feedback,1,0.505787,0.266791,0.319192,0.379194,0.354614,0.115825,0.185269,0.105490,0.020852,0.004760,0.006181,0.006228,0.006784,0.002601,0.002321,0.002766,48
scalar_uncertainty_trigger,sparse_feedback,2,0.511574,0.265060,0.317640,0.378169,0.356478,0.114141,0.184445,0.105769,0.019425,0.004737,0.006023,0.006168,0.006536,0.002601,0.002173,0.002712,48
scalar_uncertainty_trigger,sparse_feedback,3,0.513310,0.266350,0.318738,0.379858,0.351922,0.115550,0.183256,0.105868,0.023224,0.005047,0.005593,0.005845,0.006620,0.002377,0.002539,0.002861,48
scalar_uncertainty_trigger,sparse_feedback,4,0.511863,0.265448,0.317675,0.378905,0.354908,0.114784,0.184357,0.106023,0.021182,0.004438,0.005994,0.005367,0.006417,0.002367,0.002522,0.002924,48
scalar_uncertainty_trigger,sparse_feedback,5,0.513889,0.265437,0.317106,0.382079,0.354241,0.114033,0.184659,0.106007,0.019903,0.004773,0.006044,0.005774,0.006392,0.002365,0.002187,0.002523,48
scalar_uncertainty_trigger,sparse_feedback,6,0.507812,0.264529,0.317932,0.379505,0.354728,0.115503,0.184377,0.105864,0.019059,0.004537,0.006273,0.005667,0.006425,0.002471,0.002548,0.002604,48
